{
    "activation_matrices": [
        {
            "name": "Matrix 1",
            "matrix": [
                [0.1, 0.2, 0.3, 0.4, 0.5, 0.6],
                [0.7, 0.8, 0.9, 0.1, 0.2, 0.3],
                [0.4, 0.5, 0.6, 0.7, 0.8, 0.9]
            ],
            "target_state": [1, 0, 1]
        },
        {
            "name": "Matrix 2",
            "matrix": [
                [0.3, 0.2, 0.1, 0.6, 0.5, 0.4],
                [0.9, 0.8, 0.7, 0.3, 0.2, 0.1],
                [0.6, 0.5, 0.4, 0.9, 0.8, 0.7]
            ],
            "target_state": [0, 1, 0]
        }
    ]
}
